Name,Address,Zip/Postal Code,Country,Lat,Lng,Weight,Remarks,Icon Color,Icon Shape
ANDERSON SECONDARY SCHOOL,10 ANG MO KIO STREET 53,569206.0,Singapore,,,,,#c00,
AI TONG SCHOOL,100 Bright Hill Drive,579646.0,Singapore,,,,,#c00,
ADMIRALTY PRIMARY SCHOOL,11 WOODLANDS CIRCLE,738907.0,Singapore,,,,,#c00,
ASSUMPTION ENGLISH SCHOOL,622 Upper Bukit Timah Road Assumption English School,678117.0,Singapore,,,,,#c00,
ANGLO-CHINESE SCHOOL (PRIMARY),50 BARKER ROAD,309918.0,Singapore,,,,,#c00,
ANGLO-CHINESE SCHOOL (INDEPENDENT),121 DOVER ROAD,139650.0,Singapore,,,,,#c00,
ANGLO-CHINESE JUNIOR COLLEGE,25 DOVER CLOSE EAST,139745.0,Singapore,,,,,#c00,
ANG MO KIO SECONDARY SCHOOL,6 ANG MO KIO STREET 22,569362.0,Singapore,,,,,#c00,
BARTLEY SECONDARY SCHOOL,10 JALAN BUNGA RAMPAI ROAD,538403.0,Singapore,,,,,#c00,
DAMAI SECONDARY SCHOOL,4800 BEDOK RESERVOIR ROAD,479229.0,Singapore,,,,,#c00,
DA QIAO PRIMARY SCHOOL,8 ANG MO KIO STREET 54,569185.0,Singapore,,,,,#c00,
CRESCENT GIRLS' SCHOOL,357 TANGLIN ROAD,247961.0,Singapore,,,,,#c00,
CORAL SECONDARY SCHOOL,31 PASIR RIS STREET 51,518901.0,Singapore,,,,,#c00,
CONCORD PRIMARY SCHOOL,3 CHOA CHU KANG AVE 4,689814.0,Singapore,,,,,#c00,
COMPASSVALE PRIMARY SCHOOL,21 COMPASSVALE ST,545091.0,Singapore,,,,,#c00,
CLEMENTI PRIMARY SCHOOL,8 CLEMENTI AVE 3,129903.0,Singapore,,,,,#c00,
CHUA CHU KANG PRIMARY SCHOOL,20 CHOA CHU KANG AVENUE 2,689905.0,Singapore,,,,,#c00,
CHONGZHENG PRIMARY SCHOOL,1 TAMPINES STREET 21,529392.0,Singapore,,,,,#c00,
CHIJ ST. NICHOLAS GIRLS' SCHOOL,501 ANG MO KIO STREET 13,569405.0,Singapore,,,,,#c00,
CHIJ SECONDARY (TOA PAYOH),626 LORONG 1 TOA PAYOH,319764.0,Singapore,,,,,#c00,
CHIJ OUR LADY QUEEN OF PEACE,4 Chestnut Drive,679287.0,Singapore,,,,,#c00,
CHIJ OUR LADY OF GOOD COUNSEL,2C Burghley Drive,558979.0,Singapore,,,,,#c00,
CHIJ (KATONG) PRIMARY,17 MARTIA ROAD,424821.0,Singapore,,,,,#c00,
CHANGKAT CHANGI SECONDARY SCHOOL,23 SIMEI ST 3,529894.0,Singapore,,,,,#c00,
CEDAR GIRLS' SECONDARY SCHOOL,1 CEDAR AVENUE,349692.0,Singapore,,,,,#c00,
CANTONMENT PRIMARY SCHOOL,1 Cantonment Close,88256.0,Singapore,,,,,#c00,
CANBERRA PRIMARY SCHOOL,21 ADMIRALTY DRIVE,757714.0,Singapore,,,,,#c00,
BUKIT VIEW PRIMARY SCHOOL,18 BUKIT BATOK STREET 21,659634.0,Singapore,,,,,#c00,
BUKIT MERAH SECONDARY SCHOOL,10 LENGKOK BAHRU,159050.0,Singapore,,,,,#c00,
BROADRICK SECONDARY SCHOOL,61 DAKOTA CRESCENT,399935.0,Singapore,,,,,#c00,
BLANGAH RISE PRIMARY SCHOOL,91 TELOK BLANGAH HEIGHTS,109100.0,Singapore,,,,,#c00,
BENDEMEER SECONDARY SCHOOL,1 ST WILFRED ROAD,327919.0,Singapore,,,,,#c00,
EAST SPRING PRIMARY SCHOOL,31 TAMPINES ST 33,529258.0,Singapore,,,,,#c00,
INNOVA JUNIOR COLLEGE,21 Champions Way,737902.0,Singapore,,,,,#c00,
HUAMIN PRIMARY SCHOOL,21 YISHUN AVENUE 11,768857.0,Singapore,,,,,#c00,
HOUGANG SECONDARY SCHOOL,2 HOUGANG STREET 93,534256.0,Singapore,,,,,#c00,
HORIZON PRIMARY SCHOOL,61 Edgedale Plains,828819.0,Singapore,,,,,#c00,
HILLGROVE SECONDARY SCHOOL,10 BUKIT BATOK STREET 52,659250.0,Singapore,,,,,#c00,
HENDERSON SECONDARY SCHOOL,100 HENDERSON RD,159544.0,Singapore,,,,,#c00,
HAI SING CATHOLIC SCHOOL,9 PASIR RIS DRIVE 6,519421.0,Singapore,,,,,#c00,
GUANGYANG PRIMARY SCHOOL,6 Bishan Street 12,579806.0,Singapore,,,,,#c00,
GREENVIEW SECONDARY SCHOOL,15 PASIR RIS STREET 21,518969.0,Singapore,,,,,#c00,
GREENRIDGE PRIMARY SCHOOL,11 JELAPANG ROAD,677744.0,Singapore,,,,,#c00,
GREENDALE PRIMARY SCHOOL,50 Edgedale Plains,828848.0,Singapore,,,,,#c00,
GEYLANG METHODIST SCHOOL (PRIMARY),4 Geylang East Central,389706.0,Singapore,,,,,#c00,
GAN ENG SENG SCHOOL,1 HENDERSON ROAD,159561.0,Singapore,,,,,#c00,
FUHUA PRIMARY SCHOOL,65 JURONG EAST STREET 13,609647.0,Singapore,,,,,#c00,
FUCHUN PRIMARY SCHOOL,23 WOODLANDS AVENUE 1,739063.0,Singapore,,,,,#c00,
FIRST TOA PAYOH PRIMARY SCHOOL,7 LORONG 8 TOA PAYOH,319252.0,Singapore,,,,,#c00,
FENGSHAN PRIMARY SCHOOL,307 BEDOK NORTH ROAD,469680.0,Singapore,,,,,#c00,
FAJAR SECONDARY SCHOOL,58 Chestnut Drive,679301.0,Singapore,,,,,#c00,
EDGEFIELD SECONDARY SCHOOL,36 PUNGGOL FIELD,828814.0,Singapore,,,,,#c00,
EAST VIEW SECONDARY SCHOOL,3 TAMPINES STREET 42,529177.0,Singapore,,,,,#c00,
ORCHID PARK SECONDARY SCHOOL,10 YISHUN STREET 81,768454.0,Singapore,,,,,#c00,
OASIS PRIMARY SCHOOL,71 Edgefield Plains,828716.0,Singapore,,,,,#c00,
NORTHLAND PRIMARY SCHOOL,15 YISHUN AVENUE 4,769026.0,Singapore,,,,,#c00,
NORTH VISTA SECONDARY SCHOOL,11 RIVERVALE LINK,545081.0,Singapore,,,,,#c00,
NORTH VIEW SECONDARY SCHOOL,530 YISHUN RING ROAD,768680.0,Singapore,,,,,#c00,
NORTH SPRING PRIMARY SCHOOL,1 RIVERVALE STREET,545088.0,Singapore,,,,,#c00,
NGEE ANN PRIMARY SCHOOL,344 MARINE TERRACE,449149.0,Singapore,,,,,#c00,
NEW TOWN PRIMARY SCHOOL,300 Tanglin Halt Road,148812.0,Singapore,,,,,#c00,
NAVAL BASE PRIMARY SCHOOL,7 YISHUN AVE 4,769028.0,Singapore,,,,,#c00,
NAN HUA PRIMARY SCHOOL,30 JALAN LEMPENG,128806.0,Singapore,,,,,#c00,
NAN CHIAU PRIMARY SCHOOL,50 ANCHORVALE LINK,545080.0,Singapore,,,,,#c00,
MILLENNIA INSTITUTE,60 Bukit Batok West Avenue 8,658965.0,Singapore,,,,,#c00,
MERIDIAN PRIMARY SCHOOL,20 PASIR RIS ST 71,518798.0,Singapore,,,,,#c00,
MEE TOH SCHOOL,21 EDGEDALE PLAINS,828867.0,Singapore,,,,,#c00,
MAYFLOWER PRIMARY SCHOOL,200 ANG MO KIO AVE 5,569878.0,Singapore,,,,,#c00,
MARSILING SECONDARY SCHOOL,12 MARSILING ROAD,739110.0,Singapore,,,,,#c00,
MARIS STELLA HIGH SCHOOL,25 MOUNT VERNON ROAD,368051.0,Singapore,,,,,#c00,
MAHA BODHI SCHOOL,10 UBI AVENUE 1,408931.0,Singapore,,,,,#c00,
KUO CHUAN PRESBYTERIAN SECONDARY SCHOOL,10 BISHAN STREET 13,579795.0,Singapore,,,,,#c00,
MONTFORT SECONDARY SCHOOL,50 HOUGANG AVENUE 8,538785.0,Singapore,,,,,#c00,
KENT RIDGE SECONDARY SCHOOL,147 WEST COAST ROAD,127368.0,Singapore,,,,,#c00,
SPECTRA SECONDARY SCHOOL,1 WOODLANDS DRIVE 64,737758.0,Singapore,,,,,#c00,
SINGAPORE SPORTS SCHOOL,1 Champions Way,737913.0,Singapore,,,,,#c00,
SINGAPORE CHINESE GIRLS' PRIMARY SCHOOL,190 DUNEARN ROAD,309437.0,Singapore,,,,,#c00,
SI LING SECONDARY SCHOOL,11 MARSILING LANE,739148.0,Singapore,,,,,#c00,
SHUQUN PRIMARY SCHOOL,8 JURONG WEST STREET 51,649332.0,Singapore,,,,,#c00,
SERANGOON JUNIOR COLLEGE,1033 UPPER SERANGOON ROAD,534768.0,Singapore,,,,,#c00,
SENGKANG GREEN PRIMARY SCHOOL,15 Fernvale Road,797636.0,Singapore,,,,,#c00,
SENG KANG PRIMARY SCHOOL,21 COMPASSVALE WALK,545166.0,Singapore,,,,,#c00,
SCHOOL OF SCIENCE AND TECHNOLOGY,1 Technology Drive,138572.0,Singapore,,,,,#c00,
ROSYTH SCHOOL,21 Serangoon North Avenue 4,555855.0,Singapore,,,,,#c00,
RIVERSIDE SECONDARY SCHOOL,3 WOODLANDS STREET 81,738524.0,Singapore,,,,,#c00,
RIVER VALLEY PRIMARY SCHOOL,2 RIVER VALLEY GREEN,237993.0,Singapore,,,,,#c00,
RED SWASTIKA SCHOOL,350 BEDOK NORTH AVENUE 3,469719.0,Singapore,,,,,#c00,
RADIN MAS PRIMARY SCHOOL,1 BUKIT PURMEI AVENUE,99840.0,Singapore,,,,,#c00,
QUEENSTOWN SECONDARY SCHOOL,1 STRATHMORE ROAD,148800.0,Singapore,,,,,#c00,
QIHUA PRIMARY SCHOOL,5 WOODLANDS STREET 81,738525.0,Singapore,,,,,#c00,
PUNGGOL VIEW PRIMARY SCHOOL,9 Punggol Place,828845.0,Singapore,,,,,#c00,
PUNGGOL PRIMARY SCHOOL,61 HOUGANG AVENUE 8,538787.0,Singapore,,,,,#c00,
POI CHING SCHOOL,21 TAMPINES STREET 71,529067.0,Singapore,,,,,#c00,
PIONEER PRIMARY SCHOOL,23 JURONG WEST STREET 81,649076.0,Singapore,,,,,#c00,
PEIRCE SECONDARY SCHOOL,10 SIN MING WALK,575566.0,Singapore,,,,,#c00,
PEI TONG PRIMARY SCHOOL,15 CLEMENTI AVENUE 5,129857.0,Singapore,,,,,#c00,
PEI CHUN PUBLIC SCHOOL,16 TOA PAYOH LORONG 7,319320.0,Singapore,,,,,#c00,
ST. GABRIEL'S SECONDARY SCHOOL,24 SERANGOON AVENUE 1,556140.0,Singapore,,,,,#c00,
YIO CHU KANG PRIMARY SCHOOL,1 HOUGANG STREET 51,538720.0,Singapore,,,,,#c00,
YANGZHENG PRIMARY SCHOOL,15 SERANGOON AVENUE 3,556108.0,Singapore,,,,,#c00,
XINMIN SECONDARY SCHOOL,11 HOUGANG AVENUE 8,538789.0,Singapore,,,,,#c00,
XINGNAN PRIMARY SCHOOL,5 JURONG WEST STREET 91,649036.0,Singapore,,,,,#c00,
WOODLANDS RING SECONDARY SCHOOL,10 WOODLANDS RING ROAD,738239.0,Singapore,,,,,#c00,
WOODLANDS PRIMARY SCHOOL,10 WOODLANDS DRIVE 50,738853.0,Singapore,,,,,#c00,
WHITE SANDS PRIMARY SCHOOL,2 PASIR RIS ST 11,519075.0,Singapore,,,,,#c00,
WESTWOOD PRIMARY SCHOOL,1 Jurong West Street 73,649188.0,Singapore,,,,,#c00,
WEST SPRING SECONDARY SCHOOL,61 SENJA ROAD,677737.0,Singapore,,,,,#c00,
WEST GROVE PRIMARY SCHOOL,1 JURONG WEST ST 72,649223.0,Singapore,,,,,#c00,
WATERWAY PRIMARY SCHOOL,70 Punggol Drive,828802.0,Singapore,,,,,#c00,
UNITY SECONDARY SCHOOL,20 CHOA CHU KANG STREET 62,689143.0,Singapore,,,,,#c00,
TOWNSVILLE PRIMARY SCHOOL,3 ANG MO KIO AVE 10,569730.0,Singapore,,,,,#c00,
TEMASEK PRIMARY SCHOOL,501 BEDOK SOUTH AVE 3,469300.0,Singapore,,,,,#c00,
TELOK KURAU PRIMARY SCHOOL,50 BEDOK RESERVOIR RD,479239.0,Singapore,,,,,#c00,
TECK WHYE PRIMARY SCHOOL,11 TECK WHYE WALK,688261.0,Singapore,,,,,#c00,
TAO NAN SCHOOL,49 MARINE CRESCENT,449761.0,Singapore,,,,,#c00,
TAMPINES NORTH PRIMARY SCHOOL,30 TAMPINES AVENUE 9,529565.0,Singapore,,,,,#c00,
ST. STEPHEN'S SCHOOL,20 SIGLAP VIEW,455789.0,Singapore,,,,,#c00,
ST. MARGARET'S SECONDARY SCHOOL,111 FARRER ROAD,259240.0,Singapore,,,,,#c00,
ST. JOSEPH'S INSTITUTION JUNIOR,3 ESSEX ROAD,309331.0,Singapore,,,,,#c00,
SIGLAP SECONDARY SCHOOL,10 PASIR RIS DRIVE 10,519385.0,Singapore,,,,,#c00,
ST. ANDREW'S JUNIOR COLLEGE,5 Sorby Adams Drive,357691.0,Singapore,,,,,#c00,
ST. ANDREW'S SECONDARY SCHOOL,15 FRANCIS THOMAS DRIVE,359342.0,Singapore,,,,,#c00,
YUHUA SECONDARY SCHOOL,35 JURONG WEST STREET 41,649406.0,Singapore,,,,,#c00,
ZHONGHUA SECONDARY SCHOOL,13 SERANGOON AVENUE 3,556123.0,Singapore,,,,,#c00,
ZHENGHUA SECONDARY SCHOOL,91 SENJA ROAD,677741.0,Singapore,,,,,#c00,
ZHENGHUA PRIMARY SCHOOL,9 Fajar Road,679002.0,Singapore,,,,,#c00,
ZHANGDE PRIMARY SCHOOL,51 Jalan Membina,169485.0,Singapore,,,,,#c00,
YUYING SECONDARY SCHOOL,47 HOUGANG AVENUE 1,538884.0,Singapore,,,,,#c00,
YUMIN PRIMARY SCHOOL,3 TAMPINES STREET 21,529393.0,Singapore,,,,,#c00,
SINGAPORE CHINESE GIRLS' SCHOOL,190 DUNEARN ROAD,309437.0,Singapore,,,,,#c00,
SOUTH VIEW PRIMARY SCHOOL,6 Choa Chu Kang Central,689762.0,Singapore,,,,,#c00,
SPRINGDALE PRIMARY SCHOOL,71 Anchorvale Link,544799.0,Singapore,,,,,#c00,
ST. ANTHONY'S CANOSSIAN SECONDARY SCHOOL,1600 BEDOK NORTH AVENUE 4,469700.0,Singapore,,,,,#c00,
ST. ANTHONY'S PRIMARY SCHOOL,30 Bukit Batok St 32,659401.0,Singapore,,,,,#c00,
ST. GABRIEL'S PRIMARY SCHOOL,220 Lorong Chuan,556742.0,Singapore,,,,,#c00,
ST. HILDA'S PRIMARY SCHOOL,2 Tampines Ave 3,529706.0,Singapore,,,,,#c00,
YIO CHU KANG SECONDARY SCHOOL,3063 ANG MO KIO AVENUE 5,569868.0,Singapore,,,,,#c00,
YISHUN JUNIOR COLLEGE,3 YISHUN RING ROAD,768675.0,Singapore,,,,,#c00,
YISHUN SECONDARY SCHOOL,4 YISHUN STREET 71,768516.0,Singapore,,,,,#c00,
YU NENG PRIMARY SCHOOL,56 BEDOK NORTH ST 3,469623.0,Singapore,,,,,#c00,
YUHUA PRIMARY SCHOOL,158 JURONG EAST STREET 24,609558.0,Singapore,,,,,#c00,
OUTRAM SECONDARY SCHOOL,3 YORK HILL,168622.0,Singapore,,,,,#c00,
PASIR RIS PRIMARY SCHOOL,5 PASIR RIS STREET 21,518968.0,Singapore,,,,,#c00,
PAYA LEBAR METHODIST GIRLS' SCHOOL (SECONDARY),296 LOR AH SOO,536742.0,Singapore,,,,,#c00,
PEI HWA PRESBYTERIAN PRIMARY SCHOOL,7 PEI WAH AVENUE,597610.0,Singapore,,,,,#c00,
PEI HWA SECONDARY SCHOOL,21 FERNVALE LINK,797702.0,Singapore,,,,,#c00,
RAFFLES GIRLS' PRIMARY SCHOOL,21 Hillcrest Road,289072.0,Singapore,,,,,#c00,
RAFFLES INSTITUTION,1 RAFFLES INSTITUTION LANE,575954.0,Singapore,,,,,#c00,
REGENT SECONDARY SCHOOL,50 CHOA CHU KANG NORTH 5,689621.0,Singapore,,,,,#c00,
RIVER VALLEY HIGH SCHOOL,6 BOON LAY AVENUE,649961.0,Singapore,,,,,#c00,
RIVERSIDE PRIMARY SCHOOL,110 Woodlands Crescent,737803.0,Singapore,,,,,#c00,
RULANG PRIMARY SCHOOL,6 JURONG WEST STREET 52,649295.0,Singapore,,,,,#c00,
SERANGOON GARDEN SECONDARY SCHOOL,21 SERANGOON NORTH AVENUE 1,555889.0,Singapore,,,,,#c00,
PEICAI SECONDARY SCHOOL,10 SERANGOON AVENUE 4,556094.0,Singapore,,,,,#c00,
PEIYING PRIMARY SCHOOL,651 YISHUN RING ROAD,768687.0,Singapore,,,,,#c00,
PIONEER JUNIOR COLLEGE,21 Teck Whye Walk,688258.0,Singapore,,,,,#c00,
PIONEER SECONDARY SCHOOL,21 JURONG WEST STREET 81,649075.0,Singapore,,,,,#c00,
PRESBYTERIAN HIGH SCHOOL,5209 ANG MO KIO AVENUE 6,569845.0,Singapore,,,,,#c00,
PUNGGOL COVE PRIMARY SCHOOL,52 Sumang Walk,828674.0,Singapore,,,,,#c00,
PUNGGOL SECONDARY SCHOOL,51 EDGEFIELD PLAINS,828870.0,Singapore,,,,,#c00,
QIFA PRIMARY SCHOOL,50 WEST COAST AVENUE,128104.0,Singapore,,,,,#c00,
QUEENSTOWN PRIMARY SCHOOL,310 MARGARET DR,149303.0,Singapore,,,,,#c00,
QUEENSWAY SECONDARY SCHOOL,2A MARGARET DRIVE,149295.0,Singapore,,,,,#c00,
KEMING PRIMARY SCHOOL,90 BUKIT BATOK EAST AVENUE 6,659762.0,Singapore,,,,,#c00,
KHENG CHENG SCHOOL,15 LORONG 3 TOA PAYOH,319580.0,Singapore,,,,,#c00,
KRANJI PRIMARY SCHOOL,11 CHOA CHU KANG STREET 54,689189.0,Singapore,,,,,#c00,
LAKESIDE PRIMARY SCHOOL,161 Corporation Walk,618310.0,Singapore,,,,,#c00,
NANYANG GIRLS' HIGH SCHOOL,2 LINDEN DRIVE,288683.0,Singapore,,,,,#c00,
NANYANG PRIMARY SCHOOL,52 KING'S ROAD,268097.0,Singapore,,,,,#c00,
NATIONAL JUNIOR COLLEGE,37 HILLCREST ROAD,288913.0,Singapore,,,,,#c00,
NAVAL BASE SECONDARY SCHOOL,901 YISHUN RING ROAD,768689.0,Singapore,,,,,#c00,
NEW TOWN SECONDARY SCHOOL,1020 DOVER ROAD,139657.0,Singapore,,,,,#c00,
NGEE ANN SECONDARY SCHOOL,1 TAMPINES STREET 32,529283.0,Singapore,,,,,#c00,
NORTH VISTA PRIMARY SCHOOL,20 Compassvale Link,544974.0,Singapore,,,,,#c00,
NORTHBROOKS SECONDARY SCHOOL,585 YISHUN RING ROAD,768692.0,Singapore,,,,,#c00,
NORTHLAND SECONDARY SCHOOL,3 YISHUN STREET 22,768578.0,Singapore,,,,,#c00,
LIANHUA PRIMARY SCHOOL,2 BUKIT BATOK STREET 52,659243.0,Singapore,,,,,#c00,
LOYANG SECONDARY SCHOOL,12 PASIR RIS STREET 11,519073.0,Singapore,,,,,#c00,
MACPHERSON SECONDARY SCHOOL,121 CIRCUIT ROAD,379499.0,Singapore,,,,,#c00,
MANJUSRI SECONDARY SCHOOL,20 UBI AVENUE 1,408940.0,Singapore,,,,,#c00,
MARSILING PRIMARY SCHOOL,31 WOODLANDS CENTRE ROAD,738927.0,Singapore,,,,,#c00,
MARYMOUNT CONVENT SCHOOL,430 Lorong 1 Toa Payoh,319759.0,Singapore,,,,,#c00,
MAYFLOWER SECONDARY SCHOOL,2 ANG MO KIO STREET 21,569384.0,Singapore,,,,,#c00,
MERIDIAN JUNIOR COLLEGE,21 Pasir Ris Street 71,518799.0,Singapore,,,,,#c00,
METHODIST GIRLS' SCHOOL (PRIMARY),11 Blackmore Drive,599986.0,Singapore,,,,,#c00,
METHODIST GIRLS' SCHOOL (SECONDARY),11 BLACKMORE DRIVE,599986.0,Singapore,,,,,#c00,
NAN HUA HIGH SCHOOL,41 CLEMENTI AVENUE 1,129956.0,Singapore,,,,,#c00,
EDGEFIELD PRIMARY SCHOOL,41 EDGEFIELD PLAINS,828869.0,Singapore,,,,,#c00,
ELIAS PARK PRIMARY SCHOOL,11 PASIR RIS STREET 52,518866.0,Singapore,,,,,#c00,
EUNOS PRIMARY SCHOOL,95 JALAN EUNOS Eunos Primary School,419529.0,Singapore,,,,,#c00,
FAIRFIELD METHODIST SCHOOL (SECONDARY),102 Dover Road Fairfield Methodist Secondary,139649.0,Singapore,,,,,#c00,
HOLY INNOCENTS' HIGH SCHOOL,1191 UPPER SERANGOON ROAD,534786.0,Singapore,,,,,#c00,
HONG KAH SECONDARY SCHOOL,931 JURONG WEST STREET 42,649370.0,Singapore,,,,,#c00,
HONG WEN SCHOOL,30 TOWNER ROAD,327829.0,Singapore,,,,,#c00,
HOUGANG PRIMARY SCHOOL,1 HOUGANG ST 93,534238.0,Singapore,,,,,#c00,
HUA YI SECONDARY SCHOOL,60 JURONG WEST ST 42,649371.0,Singapore,,,,,#c00,
INNOVA PRIMARY SCHOOL,80 Woodlands Drive 17,737888.0,Singapore,,,,,#c00,
JING SHAN PRIMARY SCHOOL,5 ANG MO KIO ST 52,569228.0,Singapore,,,,,#c00,
JUNYUAN SECONDARY SCHOOL,11 TAMPINES STREET 84,528933.0,Singapore,,,,,#c00,
FARRER PARK PRIMARY SCHOOL,2 FARRER PARK ROAD,217567.0,Singapore,,,,,#c00,
FERNVALE PRIMARY SCHOOL,1 Fernvale Lane,797701.0,Singapore,,,,,#c00,
FRONTIER PRIMARY SCHOOL,20 Jurong West Street 61,648200.0,Singapore,,,,,#c00,
FUCHUN SECONDARY SCHOOL,21 WOODLANDS AVENUE 1,739062.0,Singapore,,,,,#c00,
FUHUA SECONDARY SCHOOL,5 JURONG WEST STREET 41,649410.0,Singapore,,,,,#c00,
GAN ENG SENG PRIMARY SCHOOL,100 REDHILL CLOSE,158901.0,Singapore,,,,,#c00,
GEYLANG METHODIST SCHOOL (SECONDARY),2 GEYLANG EAST CENTRAL,389705.0,Singapore,,,,,#c00,
GONGSHANG PRIMARY SCHOOL,1 TAMPINES STREET 42,529176.0,Singapore,,,,,#c00,
GREENDALE SECONDARY SCHOOL,51 EDGEDALE PLAINS,828866.0,Singapore,,,,,#c00,
GREENWOOD PRIMARY SCHOOL,11 WOODLANDS DR 62,737942.0,Singapore,,,,,#c00,
HAIG GIRLS' SCHOOL,860 NEW UPPER CHANGI ROAD,467353.0,Singapore,,,,,#c00,
HENRY PARK PRIMARY SCHOOL,1 HOLLAND GROVE ROAD,278790.0,Singapore,,,,,#c00,
BUKIT VIEW SECONDARY SCHOOL,16 BUKIT BATOK STREET 21,659633.0,Singapore,,,,,#c00,
CANBERRA SECONDARY SCHOOL,51 SEMBAWANG DRIVE,757699.0,Singapore,,,,,#c00,
CATHOLIC JUNIOR COLLEGE,129 WHITLEY ROAD,297822.0,Singapore,,,,,#c00,
CEDAR PRIMARY SCHOOL,15 CEDAR AVENUE,349700.0,Singapore,,,,,#c00,
CHANGKAT PRIMARY SCHOOL,11 SIMEI ST 3,529896.0,Singapore,,,,,#c00,
COMMONWEALTH SECONDARY SCHOOL,698 WEST COAST ROAD,608784.0,Singapore,,,,,#c00,
COMPASSVALE SECONDARY SCHOOL,51 COMPASSVALE CRESCENT,545083.0,Singapore,,,,,#c00,
CORAL PRIMARY SCHOOL,20 PASIR RIS ST 51,518902.0,Singapore,,,,,#c00,
CORPORATION PRIMARY SCHOOL,31 JURONG WEST STREET 24,648347.0,Singapore,,,,,#c00,
DAZHONG PRIMARY SCHOOL,35 BUKIT BATOK STREET 31,659441.0,Singapore,,,,,#c00,
DEYI SECONDARY SCHOOL,1 ANG MO KIO STREET 42,569277.0,Singapore,,,,,#c00,
DUNEARN SECONDARY SCHOOL,247 Jalan Boon Lay,619522.0,Singapore,,,,,#c00,
CHIJ (KELLOCK),1 Bukit Teresa Road,99757.0,Singapore,,,,,#c00,
CHIJ KATONG CONVENT,3 GEYLANG BAHRU LANE,339626.0,Singapore,,,,,#c00,
CHIJ OUR LADY OF THE NATIVITY,1257 UPPER SERANGOON ROAD,534793.0,Singapore,,,,,#c00,
CHIJ PRIMARY (TOA PAYOH),628 Lorong 1 Toa Payoh,319765.0,Singapore,,,,,#c00,
CHIJ ST. JOSEPH'S CONVENT,62 SENG KANG EAST WAY,548595.0,Singapore,,,,,#c00,
CHIJ ST. THERESA'S CONVENT,160 LOWER DELTA ROAD,99138.0,Singapore,,,,,#c00,
CHONGFU SCHOOL,170 YISHUN AVENUE 6,768959.0,Singapore,,,,,#c00,
CHUA CHU KANG SECONDARY SCHOOL,3 TECK WHYE CRESCENT,688845.0,Singapore,,,,,#c00,
CHUNG CHENG HIGH SCHOOL (YISHUN),11 YISHUN STREET 61,768547.0,Singapore,,,,,#c00,
CLEMENTI TOWN SECONDARY SCHOOL,10 CLEMENTI AVE 3,129904.0,Singapore,,,,,#c00,
BUKIT PANJANG GOVT. HIGH SCHOOL,7 CHOA CHU KANG AVE 4,689809.0,Singapore,,,,,#c00,
ST. JOSEPH'S INSTITUTION,21 BISHAN STREET 14,579781.0,Singapore,,,,,#c00,
ST. MARGARET'S PRIMARY SCHOOL,99 WILKIE ROAD,228091.0,Singapore,,,,,#c00,
ST. PATRICK'S SCHOOL,490 EAST COAST ROAD,429058.0,Singapore,,,,,#c00,
TANJONG KATONG PRIMARY SCHOOL,10 SERAYA ROAD,437259.0,Singapore,,,,,#c00,
TANJONG KATONG SECONDARY SCHOOL,130 HAIG ROAD,438796.0,Singapore,,,,,#c00,
WEST SPRING PRIMARY SCHOOL,60 Bukit Panjang Ring Road,679946.0,Singapore,,,,,#c00,
WEST VIEW PRIMARY SCHOOL,31 SENJA ROAD,677742.0,Singapore,,,,,#c00,
WHITLEY SECONDARY SCHOOL,30 BISHAN STREET 24,579747.0,Singapore,,,,,#c00,
WOODGROVE SECONDARY SCHOOL,3 WOODLANDS AVENUE 6,738990.0,Singapore,,,,,#c00,
WOODLANDS SECONDARY SCHOOL,11 MARSILING ROAD,739111.0,Singapore,,,,,#c00,
XINGHUA PRIMARY SCHOOL,45 HOUGANG AVENUE 1,538882.0,Singapore,,,,,#c00,
XINMIN PRIMARY SCHOOL,9 HOUGANG AVENUE 8,538784.0,Singapore,,,,,#c00,
TAMPINES JUNIOR COLLEGE,2 TAMPINES AVENUE 9,529564.0,Singapore,,,,,#c00,
TAMPINES PRIMARY SCHOOL,250 TAMPINES STREET 12,529426.0,Singapore,,,,,#c00,
TANGLIN SECONDARY SCHOOL,301 WEST COAST ROAD,127391.0,Singapore,,,,,#c00,
TECK GHEE PRIMARY SCHOOL,1 ANG MO KIO STREET 32,569299.0,Singapore,,,,,#c00,
TECK WHYE SECONDARY SCHOOL,31 TECK WHYE CRESCENT,688848.0,Singapore,,,,,#c00,
TEMASEK JUNIOR COLLEGE,22 BEDOK SOUTH ROAD,469278.0,Singapore,,,,,#c00,
TEMASEK SECONDARY SCHOOL,600 UPPER EAST COAST ROAD,465561.0,Singapore,,,,,#c00,
UNITY PRIMARY SCHOOL,21 CHOA CHU KANG CRESCENT,688268.0,Singapore,,,,,#c00,
VICTORIA JUNIOR COLLEGE,20 MARINE VISTA,449035.0,Singapore,,,,,#c00,
WELLINGTON PRIMARY SCHOOL,10 WELLINGTON CIRCLE,757702.0,Singapore,,,,,#c00,
JURONG JUNIOR COLLEGE,800 CORPORATION ROAD,649809.0,Singapore,,,,,#c00,
HWA CHONG INSTITUTION,661 BUKIT TIMAH ROAD,269734.0,Singapore,,,,,#c00,
BEATTY SECONDARY SCHOOL,1 TOA PAYOH NORTH,318990.0,Singapore,,,,,#c00,
BEDOK GREEN SECONDARY SCHOOL,360 BEDOK NORTH AVE 3,469722.0,Singapore,,,,,#c00,
WOODLANDS RING PRIMARY SCHOOL,11 WOODLANDS RING ROAD,738240.0,Singapore,,,,,#c00,
JURONG WEST SECONDARY SCHOOL,61 JURONG WEST STREET 65,648348.0,Singapore,,,,,#c00,
EAST SPRING SECONDARY SCHOOL,30 TAMPINES STREET 34,529231.0,Singapore,,,,,#c00,
BISHAN PARK SECONDARY SCHOOL,2 SIN MING WALK,575565.0,Singapore,,,,,#c00,
ADMIRALTY SECONDARY SCHOOL,31 WOODLANDS CRESCENT,737916.0,Singapore,,,,,#c00,
AHMAD IBRAHIM SECONDARY SCHOOL,751 YISHUN AVENUE 7,768928.0,Singapore,,,,,#c00,
ANCHOR GREEN PRIMARY SCHOOL,31 Anchorvale Drive,544969.0,Singapore,,,,,#c00,
ANG MO KIO PRIMARY SCHOOL,20 ANG MO KIO AVENUE 3 ANG MO KIO PRIMARY SCHOOL,569920.0,Singapore,,,,,#c00,
ANGLO-CHINESE SCHOOL (JUNIOR),16 WINSTEDT ROAD,227988.0,Singapore,,,,,#c00,
ANGSANA PRIMARY SCHOOL,3 Tampines Street 22,529366.0,Singapore,,,,,#c00,
BEDOK SOUTH SECONDARY SCHOOL,1 JALAN LANGGAR BEDOK,468585.0,Singapore,,,,,#c00,
BEDOK VIEW SECONDARY SCHOOL,6 BEDOK SOUTH AVENUE 3,469293.0,Singapore,,,,,#c00,
DUNMAN SECONDARY SCHOOL,21 TAMPINES STREET 45,529093.0,Singapore,,,,,#c00,
DAMAI PRIMARY SCHOOL,50 BEDOK RESERVOIR CRESCENT,479225.0,Singapore,,,,,#c00,
XISHAN PRIMARY SCHOOL,8 YISHUN STREET 21,768611.0,Singapore,,,,,#c00,
ANGLICAN HIGH SCHOOL,600 UPPER CHANGI ROAD,487012.0,Singapore,,,,,#c00,
ANGLO-CHINESE SCHOOL (BARKER ROAD),60 BARKER ROAD,309919.0,Singapore,,,,,#c00,
ASSUMPTION PATHWAY SCHOOL,30 Cashew Road,679697.0,Singapore,,,,,#c00,
BALESTIER HILL SECONDARY SCHOOL,11 NOVENA RISE,307516.0,Singapore,,,,,#c00,
BEACON PRIMARY SCHOOL,36 Bukit Panjang Ring Road,679944.0,Singapore,,,,,#c00,
AHMAD IBRAHIM PRIMARY SCHOOL,10 YISHUN STREET 11,768643.0,Singapore,,,,,#c00,
BOON LAY SECONDARY SCHOOL,11 JURONG WEST STREET 65,648354.0,Singapore,,,,,#c00,
PING YI SECONDARY SCHOOL,61 CHAI CHEE STREET,468980.0,Singapore,,,,,#c00,
SENG KANG SECONDARY SCHOOL,10 COMPASSVALE LANE,545090.0,Singapore,,,,,#c00,
RIVERVALE PRIMARY SCHOOL,80 RIVERVALE DRIVE,545092.0,Singapore,,,,,#c00,
NORTHLIGHT SCHOOL,151 Towner Road,327830.0,Singapore,,,,,#c00,
JURONG SECONDARY SCHOOL,31 YUAN CHING ROAD,618652.0,Singapore,,,,,#c00,
GUANGYANG SECONDARY SCHOOL,8 BISHAN STREET 12,579807.0,Singapore,,,,,#c00,
EVERGREEN SECONDARY SCHOOL,11 WOODLANDS STREET 83,738489.0,Singapore,,,,,#c00,
EAST COAST PRIMARY SCHOOL,8 CHAI CHEE LANE,469031.0,Singapore,,,,,#c00,
CHRIST CHURCH SECONDARY SCHOOL,20 WOODLANDS DRIVE 17,737924.0,Singapore,,,,,#c00,
CANOSSA CONVENT PRIMARY SCHOOL,1 Sallim Road,387621.0,Singapore,,,,,#c00,
VICTORIA SCHOOL,2 SIGLAP LINK,448880.0,Singapore,,,,,#c00,
STAMFORD PRIMARY SCHOOL,1 VICTORIA LANE,198423.0,Singapore,,,,,#c00,
BENDEMEER PRIMARY SCHOOL,91 BENDEMEER ROAD,339948.0,Singapore,,,,,#c00,
ANDERSON PRIMARY SCHOOL,19 ANG MO KIO AVE 9 ANDERSON PRIMARY SCHOOL,569785.0,Singapore,,,,,#c00,
SWISS COTTAGE SECONDARY SCHOOL,3 BUKIT BATOK STREET 34,659322.0,Singapore,,,,,#c00,
ENDEAVOUR PRIMARY SCHOOL,10 Admiralty Link,757521.0,Singapore,,,,,#c00,
KRANJI SECONDARY SCHOOL,61 CHOA CHU KANG STREET 51,689333.0,Singapore,,,,,#c00,
SEMBAWANG PRIMARY SCHOOL,10 SEMBAWANG DRIVE,757715.0,Singapore,,,,,#c00,
ST. ANTHONY'S CANOSSIAN PRIMARY SCHOOL,1602 BEDOK NORTH AVE 4,469701.0,Singapore,,,,,#c00,
YUAN CHING SECONDARY SCHOOL,103 YUAN CHING ROAD,618654.0,Singapore,,,,,#c00,
DE LA SALLE SCHOOL,11 Choa Chu Kang St 52,689285.0,Singapore,,,,,#c00,
FAIRFIELD METHODIST SCHOOL (PRIMARY),100 DOVER ROAD,139648.0,Singapore,,,,,#c00,
JURONGVILLE SECONDARY SCHOOL,202 JURONG EAST AVENUE 1,609790.0,Singapore,,,,,#c00,
LOYANG PRIMARY SCHOOL,3 PASIR RIS DRIVE 6,519419.0,Singapore,,,,,#c00,
NANYANG JUNIOR COLLEGE,128 SERANGOON AVENUE 3,556111.0,Singapore,,,,,#c00,
PASIR RIS CREST SECONDARY SCHOOL,11 PASIR RIS STREET 41,518934.0,Singapore,,,,,#c00,
PRINCESS ELIZABETH PRIMARY SCHOOL,30 BUKIT BATOK WEST AVENUE 3,659163.0,Singapore,,,,,#c00,
YUSOF ISHAK SECONDARY SCHOOL,11 BUKIT BATOK STREET 25,658712.0,Singapore,,,,,#c00,
SCHOOL OF THE ARTS,01 05 1 Zubir Said Drive Admin Office,227968.0,Singapore,,,,,#c00,
PUNGGOL GREEN PRIMARY SCHOOL,98 Punggol Walk,828772.0,Singapore,,,,,#c00,
PARK VIEW PRIMARY SCHOOL,60 PASIR RIS DRIVE 1,519524.0,Singapore,,,,,#c00,
MONTFORT JUNIOR SCHOOL,52 HOUGANG AVENUE 8,538786.0,Singapore,,,,,#c00,
BALESTIER HILL PRIMARY SCHOOL,565 BALESTIER ROAD,329927.0,Singapore,,,,,#c00,
WOODGROVE PRIMARY SCHOOL,2 WOODLANDS DRIVE 14 WOODGROVE PRIMARY SCHOOL,738079.0,Singapore,,,,,#c00,
BUKIT PANJANG PRIMARY SCHOOL,109 CASHEW ROAD,679676.0,Singapore,,,,,#c00,
CHONG BOON SECONDARY SCHOOL,2 ANG MO KIO STREET 44,569250.0,Singapore,,,,,#c00,
ST. HILDA'S SECONDARY SCHOOL,2 TAMPINES STREET 82,528986.0,Singapore,,,,,#c00,
WESTWOOD SECONDARY SCHOOL,11 JURONG WEST STREET 25,648350.0,Singapore,,,,,#c00,
ALEXANDRA PRIMARY SCHOOL,2A Prince Charles Crescent,159016.0,Singapore,,,,,#c00,
HOLY INNOCENTS' PRIMARY SCHOOL,5 LORONG LOW KOON Holy Innocents' Primary School,536451.0,Singapore,,,,,#c00,
KUO CHUAN PRESBYTERIAN PRIMARY SCHOOL,8 BISHAN STREET 13,579793.0,Singapore,,,,,#c00,
NORTH VIEW PRIMARY SCHOOL,210 YISHUN AVENUE 6,768960.0,Singapore,,,,,#c00,
BOWEN SECONDARY SCHOOL,2 LORONG NAPIRI,547529.0,Singapore,,,,,#c00,
BUKIT TIMAH PRIMARY SCHOOL,111 Lorong Kismis Bukit Timah Primary School,598112.0,Singapore,,,,,#c00,
EAST VIEW PRIMARY SCHOOL,4 TAMPINES STREET 91,528907.0,Singapore,,,,,#c00,
JUYING SECONDARY SCHOOL,33 JURONG WEST STREET 91,649038.0,Singapore,,,,,#c00,
OPERA ESTATE PRIMARY SCHOOL,48 FIDELIO STREET,458436.0,Singapore,,,,,#c00,
SI LING PRIMARY SCHOOL,61 WOODLANDS AVENUE 1,739067.0,Singapore,,,,,#c00,
YISHUN PRIMARY SCHOOL,500 YISHUN RING ROAD,768679.0,Singapore,,,,,#c00,
SPRINGFIELD SECONDARY SCHOOL,30 TAMPINES AVENUE 8,529593.0,Singapore,,,,,#c00,
ANDERSON JUNIOR COLLEGE,4500 ANG MO KIO AVENUE 6,569843.0,Singapore,,,,,#c00,
PALM VIEW PRIMARY SCHOOL,150 Compassvale Bow,544822.0,Singapore,,,,,#c00,
JURONG PRIMARY SCHOOL,320 JURONG EAST Street 32,609476.0,Singapore,,,,,#c00,
DUNMAN HIGH SCHOOL,10 TANJONG RHU ROAD,436895.0,Singapore,,,,,#c00,
BEDOK GREEN PRIMARY SCHOOL,1 BEDOK SOUTH AVE 2,469317.0,Singapore,,,,,#c00,
YISHUN TOWN SECONDARY SCHOOL,6 YISHUN STREET 21,768610.0,Singapore,,,,,#c00,
ZHONGHUA PRIMARY SCHOOL,12 SERANGOON AVENUE 4 ZHONGHUA PRIMARY SCHOOL,556095.0,Singapore,,,,,#c00,
SHUQUN SECONDARY SCHOOL,450 JURONG EAST STREET 21,609604.0,Singapore,,,,,#c00,
SERANGOON SECONDARY SCHOOL,11 UPPER SERANGOON VIEW,534237.0,Singapore,,,,,#c00,
SEMBAWANG SECONDARY SCHOOL,30 SEMBAWANG CRESCENT,757704.0,Singapore,,,,,#c00,
PAYA LEBAR METHODIST GIRLS' SCHOOL (PRIMARY),298 LORONG AH SOO,536741.0,Singapore,,,,,#c00,
NUS HIGH SCHOOL OF MATHEMATICS AND SCIENCE,20 Clementi Avenue 1,129957.0,Singapore,,,,,#c00,
NAN CHIAU HIGH SCHOOL,20 ANCHORVALE LINK,545079.0,Singapore,,,,,#c00,
JUYING PRIMARY SCHOOL,31 JURONG WEST STREET 91,649037.0,Singapore,,,,,#c00,
GREENRIDGE SECONDARY SCHOOL,32 BUKIT PANJANG RING ROAD,679938.0,Singapore,,,,,#c00,
CREST SECONDARY SCHOOL,561 JURONG EAST STREET 24,609561.0,Singapore,,,,,#c00,
CASUARINA PRIMARY SCHOOL,30 PASIR RIS ST 41,518935.0,Singapore,,,,,#c00,
YEW TEE PRIMARY SCHOOL,10 CHOA CHU KANG ST 64,689100.0,Singapore,,,,,#c00,
BUKIT BATOK SECONDARY SCHOOL,50 BUKIT BATOK WEST AVE 8,658962.0,Singapore,,,,,#c00,
BOON LAY GARDEN PRIMARY SCHOOL,20 BOON LAY DRIVE,649930.0,Singapore,,,,,#c00,
CHUNG CHENG HIGH SCHOOL (MAIN),50 GOODMAN ROAD,439012.0,Singapore,,,,,#c00,
EVERGREEN PRIMARY SCHOOL,31 WOODLANDS CIRCLE,738908.0,Singapore,,,,,#c00,
JIEMIN PRIMARY SCHOOL,2 YISHUN STREET 71,768515.0,Singapore,,,,,#c00,
JURONG WEST PRIMARY SCHOOL,30 JURONG WEST ST 61,648368.0,Singapore,,,,,#c00,
MACPHERSON PRIMARY SCHOOL,2 MATTAR ROAD,387724.0,Singapore,,,,,#c00,
NORTHOAKS PRIMARY SCHOOL,61 Sembawang Drive,757622.0,Singapore,,,,,#c00,
PASIR RIS SECONDARY SCHOOL,390 TAMPINES STREET 21,529400.0,Singapore,,,,,#c00,
RAFFLES GIRLS' SCHOOL (SECONDARY),20 ANDERSON ROAD,259978.0,Singapore,,,,,#c00,
ST. ANDREW'S JUNIOR SCHOOL,2 FRANCIS THOMAS DRIVE,359337.0,Singapore,,,,,#c00,
BEDOK NORTH SECONDARY SCHOOL,20 JALAN DAMAI,419612.0,Singapore,,,,,#c00,
TANJONG KATONG GIRLS' SCHOOL,20 DUNMAN LANE,439272.0,Singapore,,,,,#c00,
JUNYUAN PRIMARY SCHOOL,2 Tampines Street 91,528906.0,Singapore,,,,,#c00,
TAMPINES SECONDARY SCHOOL,252 TAMPINES ST 12,529427.0,Singapore,,,,,#c00,
KONG HWA SCHOOL,350 GUILLEMARD ROAD,399772.0,Singapore,,,,,#c00,
CATHOLIC HIGH SCHOOL,9 BISHAN STREET 22,579767.0,Singapore,,,,,#c00,
